First Name,Sex,Annoying thing category
Nadine,F,People/the public
Joseph,M,People/the public
John,M,People/the public
Jack,M,People/the public
Kimberly,F,Noisy kids
KaDee,F,Noisy kids
Christie,F,Bad manners
Matthew,M,Noisy kids
Angela,F,Bad service
Robert,M,Noisy kids
Ray,M,People/the public
Stacy,F,Noisy kids
Cletus,M,People/the public
Billy,M,Noisy kids
Karen,F,Noisy kids
Kevin,M,Noisy kids
Ken,M,Bad manners
Ken,M,Noisy kids
Brent,M,Phone calls in public
Don,M,People/the public
Allie,F,Bad manners
Allie,F,Phone calls in public
ChaCha,F,Bad service
Tammy,F,Bad manners
Tammy,F,Bad service
Mike,M,Phone calls in public
Lee,M,People/the public
Bobby,M,Bad manners
Bobby,M,Noisy kids
Richard,M,Noisy kids
Toni,F,Noisy kids
Lynn,F,Bad service
Todd,M,Noisy kids
Geoffrey,M,Noisy kids
Jim,M,Bad manners
Sarah,F,Noisy kids
Larry,M,People/the public
James,M,Bad manners
James,M,Bad service
Tony,M,Bad service
Stan,M,People/the public
Zion,M,Bad manners
Katie,F,Phone calls in public
Jay,M,Bad manners
Paula,F,Noisy kids
Katie,F,Noisy kids
Katie,F,Phone calls in public
Dawn,F,Noisy kids
Christoforo,M,Bad manners
Mike,M,Bad service
DN,M,People/the public
Anthony,M,Bad manners
Mike,M,Bad manners
Stella,F,Bad manners
Brett,M,Bad manners
Cathy,F,Bad service
Cody,M,People/the public
Matthew,M,People/the public
Joel,M,Bad attitude to servers
Chris,M,Noisy kids
Joe,M,Phone calls in public
Lynn,F,Noisy kids
Mike,M,People/the public
Rob,M,Bad service
Rick,M,Noisy kids
Jerry,M,Bad service
Megin,F,People/the public
Tony,M,Bad service
Jeffrey,M,Bad service
Amanda,F,Phone calls in public
Tokye,F,Bad manners
Rob,M,People/the public
Tokye,F,Noisy kids
Grant,M,Bad manners
Johnny,M,Bad manners
John,M,People/the public
Ken,M,Noisy kids
Janet,F,Bad manners
Karen,F,Phone calls in public
Jim,M,Bad manners
Jim,M,Phone calls in public
Marianne,F,Bad service
Terri,F,Noisy kids
John,M,People/the public
Laurie,F,Noisy kids
Laurie,F,Bad service
Kevin,M,Bad manners
John,M,Bad service
Kevin,M,Bad manners
Bryan,M,People/the public
James,M,Bad service
Robert,M,Bad manners
Mariah,F,Bad service
Mariah,F,Bad manners
Keith,M,Bad attitude to servers
Kimberly,F,Noisy kids
Gene,M,Noisy kids
Jeremy,M,Noisy kids
Kole,M,Noisy kids
Lucie,F,Noisy kids
Angela,F,Bad manners
Ken,M,People/the public
Jasmine,F,Noisy kids
Edward,M,Phone calls in public
Gary,M,Bad service
Bruno,M,Noisy kids
Andrea,F,Phone calls in public
Andrea,F,Noisy kids
Russ,M,Phone calls in public
Melissa,F,Noisy kids
Greg,M,People/the public
Ty,M,Noisy kids
Joanne,F,Noisy kids
Mikey,M,People/the public
Lisa,F,Bad manners
Kenny,M,People/the public
Sheila,F,Bad manners
Jeremy,M,Bad manners
Mark,M,Bad attitude to servers
Jeff,M,People/the public
Eric,M,Noisy kids
Cel,F,Noisy kids
Cel,F,Bad service
Ken,M,Phone calls in public
Jennifer,F,Noisy kids
Shaun,M,People/the public
David,M,People/the public
Karl,M,People/the public
Aaron,M,Bad service
Chuck,M,People/the public
Bobby,M,Noisy kids
Bobby,M,Bad manners
Fadi,M,People/the public
Pie,F,People/the public
David,M,People/the public
Paul,M,Bad manners
Clark,M,Noisy kids
John,M,Noisy kids
Brian,M,Noisy kids
Jim,M,People/the public
Leonard,M,People/the public
JP,M,People/the public
Shari,F,People/the public
Gina,F,Bad service
Gina,F,Noisy kids
Jeramie,M,Bad manners
Trisha,F,Noisy kids
Rob,M,People/the public
Brian,M,People/the public
Jim,M,Bad manners
Jason,M,Bad manners
Todd,M,Phone calls in public
Bill,M,Noisy kids
Sarah,F,Noisy kids
Kevin,M,People/the public
Jerry,M,Bad manners
Laurie,F,Noisy kids
Laurie,F,Bad manners
Kayla,F,Noisy kids
Allen,M,Noisy kids
Connie,F,Noisy kids
Denise,F,Bad manners
Angela,F,Noisy kids
Rodney,M,Bad manners
Chip,M,Bad service
Caron,F,Noisy kids
Orlando,M,Noisy kids
Jenny,F,Noisy kids
Mike,M,People/the public
Crystal,F,Noisy kids
Craig,M,Bad service
Mary,F,Noisy kids
Erin,F,Bad service
Steve,M,People/the public
Buzz,M,People/the public
Baron,M,Bad service
Frank,M,Noisy kids
Gary,M,People/the public
David,M,Bad manners
Mary,F,Noisy kids
Sharon,F,Bad manners
Kevin,M,People/the public
Sarah,F,Noisy kids
Chasitia,F,Bad manners
Jules,M,Bad manners
Justin,M,People/the public
David,M,Bad service
Rod,M,Bad attitude to servers
Søren,M,Noisy kids
Søren,M,Phone calls in public
Søren,M,Bad manners
Søren,M,Bad service
Tina,F,Phone calls in public
Jason,M,People/the public
John,M,Noisy kids
Michelle,F,Bad service
Paul,M,People/the public
Snakebit,M,Bad service
Carla,F,Noisy kids
Ron,M,People/the public
Andrea,F,Noisy kids
Kevin,M,Bad service
Kevin,M,Bad manners
Phil,M,Noisy kids
Jeremy,M,Bad service
Sonny,M,Noisy kids
Ryan,M,Phone calls in public
Brian,M,Noisy kids
Will,M,Noisy kids
Laura,F,Noisy kids
Marie,F,Bad manners
Rob,M,Phone calls in public
Pete,M,Noisy kids
Tracy,F,Noisy kids
Mark,M,Phone calls in public
Jefrey,M,Bad manners
Charlie,M,Phone calls in public
Chelveston,M,People/the public
Neil,M,Noisy kids
Neil,M,Phone calls in public
Casey,M,Noisy kids
Mike,M,Noisy kids
Biba,F,People/the public
RC,M,People/the public
Dan,M,Noisy kids
Marie,F,Bad attitude to servers
Shawn,M,People/the public
Cole,M,People/the public
Dan,M,Bad manners
Robert,M,Noisy kids
Joseph,M,People/the public
Michael,M,People/the public
Marc,M,Phone calls in public
Marc,M,Noisy kids
Dan,M,Bad manners
Maris,F,Noisy kids
Monty,M,Noisy kids
James,M,Noisy kids
James,M,Bad attitude to servers
Jamie,F,People/the public
Laura,F,Noisy kids
Valerie,F,Bad service
Teres,F,Bad service
Cynthia,F,Noisy kids
Cynthia,F,Bad manners
Patrick,M,Noisy kids
Brian,M,People/the public
Robert,M,Bad manners
Brandon,M,Bad manners
Jacka,F,People/the public
Myra,F,Phone calls in public
Yana,F,Bad manners
Peter,M,People/the public
Truett,M,Bad manners
Aaron,M,Phone calls in public
Brandon,M,People/the public
Brandon,M,Bad manners
Juno,F,Bad service
Mark,M,Phone calls in public
Paul,M,Bad manners
Gerry,M,Noisy kids
Austin,M,Phone calls in public
Sara,F,People/the public
Angela,F,Phone calls in public
Thomas,M,Bad manners
Gilbert,M,Bad manners
Judy,F,Bad manners
Teresa,F,Noisy kids
Kellie,F,Noisy kids
Demian,M,Bad manners
Demian,M,Noisy kids
Mark,M,People/the public
Jake,M,Bad service
Brandon,M,People/the public
Tara,F,Phone calls in public
Tara,F,People/the public
Scott,M,People/the public
Dave,M,Noisy kids
Christa,F,Noisy kids
Brian,M,People/the public
Jim,M,Noisy kids
Jim,M,People/the public
Brooks,M,People/the public
Brian,M,Bad manners
Brian,M,Bad manners
Christopher,M,Bad service
Stephanie,F,People/the public
Jeff,M,Bad manners
Joe,M,Bad service
Justin,M,People/the public
John,M,Phone calls in public
Gabriel,M,Noisy kids
Gabriel,M,Bad manners
McCurry,F,Noisy kids
McCurry,F,Bad manners
Ronnie,M,Bad manners
Ryan,M,Bad manners
David,M,Bad service
Rachel,F,Noisy kids
Ty,M,Phone calls in public
Ty,M,Bad manners
Denise,F,Bad manners
Ted,M,Noisy kids
Ted,M,People/the public
Brian,M,Bad manners
Eric,M,Bad service
Kevin,M,Bad service
Juan,M,Bad service
Anastasia,F,Phone calls in public
Gio,M,Noisy kids
Gio,M,Bad manners
Jason,M,People/the public
Dean,M,Bad manners
Bethany,F,Noisy kids
Steve,M,Noisy kids
Angela,F,Noisy kids
W Timothy,M,People/the public
W Timothy,M,Bad manners
W Timothy,M,Noisy kids
Rhiannon,F,Bad manners
Pat,F,People/the public
Ray,M,Phone calls in public
Glenn,M,Phone calls in public
Glenn,M,Noisy kids
Antonio,M,Noisy kids
Paul,M,Noisy kids
Walter,M,Noisy kids
Hal,M,Noisy kids
Joe,M,Noisy kids
Jeffery,M,Bad service
Thomas,M,People/the public
Kathy,F,Phone calls in public
Dawn,F,Bad manners
David,M,Bad manners
Codi,F,Phone calls in public
James,M,People/the public
Chrissy,F,People/the public
Pete,M,People/the public
Robt,M,Noisy kids
Betzy,F,People/the public
Brian,M,Bad service
Kenneth,M,Noisy kids
Ken,M,Noisy kids
Amy,F,Noisy kids
Kimberly,F,People/the public
Fernando,M,Noisy kids
Emily,F,Noisy kids
Jeff,M,Noisy kids
William,M,Noisy kids
Mick,M,Bad manners
Stephanie,F,Noisy kids
Jennifer,F,Noisy kids
Kevin,M,Noisy kids
Fred,M,Bad manners
Debbie,F,Bad manners
David,M,People/the public
Jon,M,Noisy kids
Richard,M,Phone calls in public
Scott,M,Bad manners
Tina,F,Noisy kids
Tina,F,Bad manners
Alphy,M,Phone calls in public
Andrew,M,Phone calls in public
Eileen,F,People/the public
Jeffery,M,People/the public
Amanda,F,Phone calls in public
Patricia,F,Bad manners
Bill,M,People/the public
Ivan,M,People/the public
Jeffrey,M,Noisy kids
Jeffrey,M,Phone calls in public
Jeffrey,M,Bad manners
Tom,M,Bad service
Bridget,F,Noisy kids
Bonnie,F,Bad manners
Tina,F,Noisy kids
Donald,M,Noisy kids
Scott,M,Noisy kids
Scott,M,Bad manners
Anthony,M,Noisy kids
Walter,M,Noisy kids
Mike,M,Noisy kids
Annette,F,Noisy kids
Tim,M,Bad manners
Jonathan,M,People/the public
Cory,F,Bad manners
Jon,M,Bad manners
Chris,M,Phone calls in public
Walter,M,People/the public
Amy,F,Bad attitude to servers
Janet,F,Bad service
Hillary,F,People/the public
Hillary,F,Noisy kids
Hillary,F,Bad service
Dustin,M,Bad attitude to servers
Dustin,M,Noisy kids
Dustin,M,Bad service
Benjamin,M,People/the public
Ron,M,People/the public
Craig,M,Bad manners
Craig,M,Phone calls in public
Robert,M,People/the public
Rob,M,People/the public
Jeff,M,Bad manners
BJ,M,Phone calls in public
Dave,M,Noisy kids
Dave,M,Bad manners
Nancy,F,Bad service
Michael,M,People/the public
Aukele,F,Bad manners
Brian,M,Phone calls in public
Jesse,F,Noisy kids
Dannie,M,Bad manners
Robert,M,People/the public
David,M,Noisy kids
Jerry,M,Bad manners
Roger,M,Bad manners
Ron,M,Bad manners
Pat,F,People/the public
Shannon,F,Bad manners
Jennifer,F,Noisy kids
Debbie,F,Noisy kids
Debbie,F,Bad service
Pauline,F,Bad service
Emile,M,Bad manners
Anthony,M,Bad manners
Larry,M,Bad manners
Edward,M,People/the public
Sandra,F,Bad manners
Dusty,M,People/the public
Kyndi,F,Noisy kids
Kyndi,F,Bad attitude to servers
Suzanne,F,Noisy kids
Donnie,M,People/the public
Peppy,F,Bad manners
Rebecca,F,Bad manners
Rebecca,F,Noisy kids
Carol,F,Noisy kids
Carol,F,Bad manners
Tim,M,Bad service
Jimmy,M,Bad manners
Melanie,F,Bad service
Melanie,F,People/the public
Teresa,F,Noisy kids
Jill,F,Noisy kids
Sharyn,F,Noisy kids
Sara,F,People/the public
Jared,M,Noisy kids
Jay,M,Noisy kids
Francis,M,People/the public
Karlynn,F,Noisy kids
Bige,M,Bad service
Alexis,F,Noisy kids
Elyse,F,Bad manners
Larry,M,Noisy kids
Thai,M,Bad manners
Dolores,F,Bad manners
Dolores,F,Bad service
John,M,People/the public
Terry,M,People/the public
Christopher,M,People/the public
Michelle,F,Noisy kids
Eric,M,People/the public
Pat,F,Bad service
Norman,M,People/the public
Bonnie,F,People/the public
Kayla,F,Noisy kids
David,M,Phone calls in public
Allyson,F,Noisy kids
Patricio,M,Bad attitude to servers
Adam,M,Phone calls in public
Michael,M,Bad manners
Reed,M,People/the public
Pete,M,Bad manners
Craig,M,Noisy kids
Xsavior,M,Bad manners
Blair,M,People/the public
Derek,M,Bad service
Joseph,M,People/the public
Frank,M,Bad manners
Chuck,M,Noisy kids
Chuck,M,Bad manners
LaKeena,F,Bad manners
LaKeena,F,Bad manners
Michael,M,Noisy kids
Charles,M,People/the public
Erika,F,People/the public
Jay,M,Bad service
Suzanne,F,People/the public
Scott,M,Phone calls in public
Dave,M,Bad manners
Jeremy,M,Bad manners
Steven,M,Noisy kids
Don,M,Bad manners
Ted,M,People/the public
Kevin,M,Bad manners
Bob,M,Bad service
Brygtta,F,Bad service
Travis,M,Noisy kids
Travis,M,Bad manners
Scott,M,Bad manners
Traci,F,People/the public
Chris,M,Noisy kids
Blairwillam,M,Noisy kids
Simon,M,Noisy kids
Kristin,F,Noisy kids
James,M,Bad manners
C Danel,M,Noisy kids
John,M,People/the public
Frank,M,Noisy kids
Mariann,F,Noisy kids
Mariann,F,Phone calls in public
Jennifer,F,Noisy kids
Katina,F,Bad manners
Niki,F,Bad manners
Rich,M,Noisy kids
Fred,M,Noisy kids
Joel,M,People/the public
Greg,M,Bad service
Christine,F,Noisy kids
Darin,M,People/the public
Andy,M,Phone calls in public
Douglas,M,Noisy kids
Brandy,F,Phone calls in public
Brandy,F,Noisy kids
Fernando,M,Bad manners
Vicki,F,Bad manners
Graham,M,Bad service
Jenn,F,Bad manners
Shawn,M,Noisy kids
Jeff,M,People/the public
John,M,Phone calls in public
Shanda,F,Noisy kids
Hannah,F,Noisy kids
Chris,M,Bad service
James,M,Bad service
Mary Ann,F,Bad service
Michelle,F,People/the public
Wendell,M,Bad service
Melissa,F,Noisy kids
Michele,F,Noisy kids
Theresa,F,Noisy kids
Theresa,F,Bad manners
Doreen,F,Noisy kids
Aaron,M,People/the public
Kenny,M,Bad manners
Atanas,M,Bad manners
Leslie,F,Bad manners
Kelley,F,Bad manners
Kelley,F,Phone calls in public
Kelley,F,Bad attitude to servers
Kelley,F,Noisy kids
Katie,F,Bad service
Scott,M,Phone calls in public
Matthew,M,People/the public
June,F,Bad attitude to servers
Traci,F,Bad manners
Brian,M,People/the public
Doug,M,People/the public
David,M,Noisy kids
Michael,M,Bad manners
Margie,F,Bad manners
Margie,F,Noisy kids
Jim,M,People/the public
Andrew,M,Noisy kids
Henry,M,Bad manners
Alexandra,F,People/the public
Charles,M,Noisy kids
Charles,M,Bad manners
Chuck,M,Phone calls in public
Steven,M,Bad manners
Nikki,F,Noisy kids
Allan,M,Bad service
Joe,M,Bad manners
George,M,Noisy kids
Don,M,Phone calls in public
Andrew,M,Bad service
Kyle,M,Noisy kids
Colleen,F,Noisy kids
Kelly,F,Bad service
Scott,M,People/the public
Ardeti,F,People/the public
Deanna,F,Noisy kids
Jeff,M,People/the public
Jimmy,M,Noisy kids
Kerry,F,Bad manners
Mark,M,Noisy kids
James,M,Noisy kids
Michael,M,Noisy kids
Kathleen,F,Phone calls in public
Ryan,M,Bad manners
Mandy,F,Bad attitude to servers
Courtney,F,Bad manners
Michael,M,People/the public
Cara,F,Bad service
Scott,M,Noisy kids
Stephen,M,Noisy kids
Steven,M,People/the public
Jeneen,F,People/the public
Joe,M,Bad manners
Kimmie,F,People/the public
Heidi,F,Bad service
Heidi,F,Noisy kids
James,M,Noisy kids
Greg,M,People/the public
Robyn,F,Bad manners
Paul,M,People/the public
Lareina,F,Noisy kids
Chris,M,Phone calls in public
Chris,M,Noisy kids
Oscar,M,Bad service
Jackie,F,Bad manners
Ray,M,Bad manners
Ralph,M,People/the public
Scott,M,Noisy kids
Tina,F,Noisy kids
Tina,F,Bad service
Grim,M,People/the public
Mark,M,People/the public
Amy,F,Noisy kids
Kim,F,Phone calls in public
Brian,M,Bad attitude to servers
Calliope,F,People/the public
Babcia,F,Bad manners
Barb,F,Bad service
Billy,M,Bad manners
Mandy,F,Noisy kids
Mandy,F,Phone calls in public
Mandy,F,People/the public
Jeff,M,Noisy kids
Rob,M,Bad manners
Barton,M,People/the public
Daniel,M,People/the public
Kevin,M,Noisy kids
Janet,F,Noisy kids
Michael,M,People/the public
Andrew,M,People/the public
Todd,M,Noisy kids
Angela,F,Noisy kids
Angela,F,Phone calls in public
Colin,M,Bad manners
Crissie,F,People/the public
PJ,M,Bad service
Stella,F,People/the public
John,M,Bad manners
Tony,M,Bad service
Mike,M,Bad attitude to servers
Leon,M,Bad service
Brian,M,Noisy kids
Andy,M,Bad manners
Armando,M,Noisy kids
Jimmie,M,Bad service
Jo,F,People/the public
Jacqueline,F,People/the public
Lee,M,Bad service
Char,F,Noisy kids
Andrew,M,Bad manners
Jerome,M,Bad service
Marshall,M,Bad service
Becky,F,People/the public
Jack,M,Bad manners
Andrea,F,Bad manners
Eddie,M,People/the public
Dawn,F,Noisy kids
Jennifer,F,People/the public
Ken,M,Noisy kids
Retro,F,Bad manners
Dawn,F,Bad service
Christopher,M,Bad manners
Anthony,M,People/the public
Tina,F,Noisy kids
Ryan,M,People/the public
Leah,F,People/the public
Angela,F,People/the public
Luis,M,Noisy kids
Alex,M,Noisy kids
Alex,M,Bad service
Fernando,M,Phone calls in public
Dakota,M,People/the public
Mindy,F,People/the public
Justin,M,Bad service
Justin,M,Noisy kids
Jill,F,Bad manners
Loree,F,Noisy kids
Loree,F,Phone calls in public
Kevin,M,Noisy kids
Keith,M,People/the public
Michael,M,Phone calls in public
Sheri,F,People/the public
Rocky,M,Bad manners
Terry,M,Noisy kids
Terry,M,Phone calls in public
Terry,M,Bad manners
Sylvia,F,Noisy kids
Steve,M,People/the public
John,M,People/the public
Mark,M,People/the public
Bob,M,Phone calls in public
Daniel,M,Bad manners
Miguel,M,Bad service
Miguel,M,Bad manners
Mark,M,Phone calls in public
Shawn,M,Bad service
Shannon,F,People/the public
Dan,M,People/the public
Jeanine,F,Noisy kids
Iris,F,Bad manners
Iris,F,Noisy kids
Susan,F,Bad service
John,M,People/the public
Keith,M,Noisy kids
Charles,M,People/the public
Beth,F,Noisy kids
Beth,F,Phone calls in public
Lauri,F,Noisy kids
Eric,M,Noisy kids
Cass,F,Bad manners
Angelina,F,Bad service
Angelina,F,Noisy kids
Angelina,F,Noisy kids
Angelina,F,Bad service
Dave,M,People/the public
Terina,F,Bad service
Kim,F,Bad service
Kim,F,Noisy kids
Travis,M,Bad service
David,M,Noisy kids
Shannon,F,Bad attitude to servers
Maryann,F,Noisy kids
Reid,M,People/the public
Ray,M,Bad service
Michael,M,Bad service
Jeff,M,Bad manners
Jacqueline,F,Noisy kids
Brittany,F,Bad service
Drew,M,Bad attitude to servers
Rob,M,Bad service
Janet,F,Noisy kids
Janet,F,Bad manners
Dewey,M,Noisy kids
Amy,F,People/the public
Christina,F,Bad manners
Ca,F,Bad manners
Ca,F,Noisy kids
Sylvester,M,People/the public
Nancy,F,Noisy kids
Jennifer,F,Phone calls in public
Birgit,F,Phone calls in public
Birgit,F,Bad service
Jason,M,Bad service
Allen,M,Bad attitude to servers
Allen,M,Bad service
Laura,F,Bad manners
Jamie,F,People/the public
Victor,M,Noisy kids
LaRyna,F,Phone calls in public
Shawn,M,People/the public
Janetta,F,Noisy kids
Gilbert,M,Bad manners
Rick,M,Bad service
Rob,M,People/the public
Deidre,F,Noisy kids
Revonda,F,Bad service
Tena,F,Bad manners
Don,M,Bad manners
Jason,M,People/the public
Fred,M,People/the public
Charity,F,Bad manners
Richard,M,People/the public
Maggie,F,Noisy kids
Maggie,F,Phone calls in public
Jamain,M,People/the public
Christopher,M,People/the public
Cliff,M,People/the public
Lisa,F,Bad manners
David,M,Bad service
Bill,M,Noisy kids
Eric,M,Bad service
Krissie,F,Bad service
Krissie,F,Noisy kids
Krissie,F,Bad attitude to servers
Krissie,F,Phone calls in public
Daniel,M,People/the public
Peter,M,Bad service
Darryl,M,Bad service
Adeana,F,Bad service
Joy,F,Bad service
Keith,M,Bad service
Dave,M,People/the public
Joanne,F,Phone calls in public
Fernando,M,People/the public
Mona,F,Bad service
Greg,M,Noisy kids
Robert,M,Bad manners
Stacia,F,Phone calls in public
Renwick,M,People/the public
Stephanie,F,Bad manners
Callie,F,People/the public
Amanda,F,Noisy kids
Earl,M,People/the public
Aquaboy,M,Bad service
Gabriel,M,People/the public
Ted,M,Bad manners
Shanne,F,Noisy kids
Shanne,F,Phone calls in public
Todd,M,People/the public
John,M,Bad manners
John,M,Noisy kids
John,M,Bad manners
Robert,M,Bad manners
Heikki,M,People/the public
WoodChuck,M,People/the public
Eric,M,Phone calls in public
Lisa,F,Noisy kids
David,M,People/the public
Robert,M,People/the public
Greg,M,Phone calls in public
Melissa,F,Noisy kids
Melissa,F,Bad manners
Sandi,F,People/the public
Sandi,F,Noisy kids
Nancy,F,Bad service
Kim,F,Bad attitude to servers
Chad,M,Bad service
Sallee,F,Noisy kids
Sallee,F,Bad attitude to servers
Nick,M,Bad service
Marc,M,People/the public
Mark,M,Noisy kids
Joe,M,People/the public
Galen,M,People/the public
Mark,M,Noisy kids
Thomas,M,Noisy kids
Rich,M,Bad manners
Roger,M,Bad manners
Beth,F,Bad manners
Caleb,M,Bad manners
Susie,F,Bad service
Donald,M,People/the public
Sheryl,F,People/the public
Sheryl,F,Noisy kids
Christopher,M,People/the public
Ardell,F,Noisy kids
Johnny,M,Noisy kids
Julie,F,People/the public
Heather,F,People/the public
Blair,M,Phone calls in public
Jon,M,Bad service
Ben,M,People/the public
Jennifer,F,Phone calls in public
Steve,M,Noisy kids
Linda,F,Phone calls in public
Kenneth,M,Noisy kids
Kristen,F,People/the public
Mike,M,People/the public
Kyle,M,Phone calls in public
Deb,F,Noisy kids
Bill,M,Bad manners
Karen,F,Bad service
Chris,M,Bad attitude to servers
Chris,M,Noisy kids
Ian,M,Bad service
Mark,M,Bad manners
Dave,M,People/the public
Juliet,F,People/the public
Meagan,F,Noisy kids
Meagan,F,Bad manners
Sue,F,Noisy kids
Richard,M,Bad attitude to servers
Corey,M,Noisy kids
Keith,M,Noisy kids
